"SamAccountName","Name","Finding","Detail","Enabled","LastLogonDate","Description"
"Guest","Guest","DisabledNotRemoved","Disabled account still present (created 2026-08-02)","False",,"Built-in account for guest access to the computer/domain"
"krbtgt","krbtgt","DisabledNotRemoved","Disabled account still present (created 2026-08-02)","False",,"Key Distribution Center Service Account"
"sod-testuser","sod-testuser","Dormant","No recorded logon (created 2026-08-07)","True",,"Test account seeded to demonstrate SoD detection"
"svc-app01","svc-app01","Dormant","No recorded logon (created 2026-08-04)","True",,"Managed service account - password rotated by Vault (demo target)"
"svc-shared01","svc-shared01","Dormant","No recorded logon (created 2026-08-04)","True",,"Shared privileged account - managed by Vault check-out library"
"svc-shared02","svc-shared02","Dormant","No recorded logon (created 2026-08-04)","True",,"Shared privileged account - managed by Vault check-out library"
"t2-admin","t2-admin","Dormant","No recorded logon (created 2026-08-02)","True",,"Tier 2 privileged admin - workstations"
"Administrator","Administrator","PasswordNeverExpires","Password set to never expire - confirm if intentional (e.g. service account)","True","8/2/2026 1:07:25 PM","Built-in account for administering the computer/domain"
"Guest","Guest","PasswordNeverExpires","Password set to never expire - confirm if intentional (e.g. service account)","False",,"Built-in account for guest access to the computer/domain"
"svc-app01","svc-app01","PasswordNeverExpires","Password set to never expire - confirm if intentional (e.g. service account)","True",,"Managed service account - password rotated by Vault (demo target)"
"svc-shared01","svc-shared01","PasswordNeverExpires","Password set to never expire - confirm if intentional (e.g. service account)","True",,"Shared privileged account - managed by Vault check-out library"
"svc-shared02","svc-shared02","PasswordNeverExpires","Password set to never expire - confirm if intentional (e.g. service account)","True",,"Shared privileged account - managed by Vault check-out library"
"svc-vault","svc-vault","PasswordNeverExpires","Password set to never expire - confirm if intentional (e.g. service account)","True","8/4/2026 4:34:33 PM","Vault bind account - authenticates Vault to AD for credential rotation"
